CustomerID,CustomerName,Age,Gender,Email
1,Lucille Johnson,25,Male,LJohnson@kozel.com
2,Sonya Buendia,30,Female,SBuendia@staropramen.cz
3,Antonio Givens,53,Female,AGivens@gambrinus.net
4,Emily Uplinger,66,Male,EUplinger@pilsner.org
5,Thomas Kincaid,49,Female,TKincaid@staropramen.cz
6,Brian Burnett,35,Female,BBurnett@kozel.com
7,John Castro,27,Female,JCastro@gambrinus.net
8,Jackie Ohare,22,Male,JOhare@staropramen.cz
9,Maxine Kuehn,34,Male,MKuehn@pilsner.org
10,Lakisha Salzmann,42,Male,LSalzmann@gambrinus.net
11,Tracy Craft,70,Female,TCraft@staropramen.cz
12,Carol Anderson,15,Female,CAnderson@staropramen.cz
13,Brenda Morales,45,Male,BMorales@gambrinus.net
14,Manuel Pines,54,Female,MPines@kozel.com
15,Corey Hanson,45,Female,CHanson@gambrinus.net
16,Gerald Ellis,39,Male,GEllis@pilsner.org
17,Eddie Kibbe,26,Male,EKibbe@staropramen.cz
18,Albert Freeman,57,Female,AFreeman@kozel.com
19,William Pardo,19,Male,WPardo@staropramen.cz
20,Michael Blanchard,64,Male,MBlanchard@staropramen.cz
21,Shawna Corbett,43,Male,SCorbett@pilsner.org
22,Betty Mason,54,Male,BMason@staropramen.cz
23,Stephanie Figgs,45,Male,SFiggs@staropramen.cz
24,Joy Alfaro,48,Male,JAlfaro@kozel.com
25,Diane Webster,24,Male,DWebster@kozel.com
26,Lynda Maurin,57,Female,LMaurin@staropramen.cz
27,Barbara Loomis,26,Female,BLoomis@kozel.com
28,Mark Tackett,23,Female,MTackett@pilsner.org
29,Geoffrey Hass,20,Female,GHass@staropramen.cz
30,Chad Lesko,38,Female,CLesko@gambrinus.net
31,Jack Leu,33,Male,JLeu@kozel.com
32,Edwin Ferguson,23,Female,EFerguson@staropramen.cz
33,Alfredo Bow,22,Male,ABow@kozel.com
34,Norberto Rogers,41,Female,NRogers@kozel.com
35,Jessica Taylor,48,Male,JTaylor@staropramen.cz
36,Robert Huff,45,Female,RHuff@pilsner.org
37,Jeffery Everett,62,Female,JEverett@kozel.com
38,Jamee Fleeger,65,Female,JFleeger@kozel.com
39,William Garcia,48,Male,WGarcia@staropramen.cz
40,Gerald Venecia,57,Male,GVenecia@staropramen.cz
41,John Maxwell,17,Female,JMaxwell@staropramen.cz
42,Jessie Crecelius,30,Male,JCrecelius@staropramen.cz
43,Sandra Higgins,62,Female,SHiggins@kozel.com
44,Sherrie Searcy,70,Female,SSearcy@pilsner.org
45,Yvonne Reed,19,Female,YReed@pilsner.org
46,Dorothy Testa,56,Male,DTesta@staropramen.cz
47,Lupe Sinko,46,Female,LSinko@kozel.com
48,Louise Sims,44,Female,LSims@kozel.com
49,Daniel Clowney,31,Male,DClowney@kozel.com
50,Amanda Delacruz,70,Female,ADelacruz@kozel.com
51,Enrique Martinez,21,Male,EMartinez@kozel.com
52,Jason Densmore,47,Female,JDensmore@pilsner.org
53,Mamie Russell,30,Male,MRussell@gambrinus.net
54,Leslie Thomas,65,Female,LThomas@pilsner.org
55,Mary Douds,64,Male,MDouds@kozel.com
56,Karen Carter,53,Female,KCarter@gambrinus.net
57,Rachel Bryant,50,Female,RBryant@gambrinus.net
58,Roger Crockett,26,Male,RCrockett@staropramen.cz
59,Frank Dodd,68,Female,FDodd@pilsner.org
60,Rebecca Terracina,24,Female,RTerracina@pilsner.org
61,Larry Meyers,35,Male,LMeyers@staropramen.cz
62,Jessica Miller,61,Female,JMiller@staropramen.cz
63,Amber Flaherty,65,Male,AFlaherty@pilsner.org
64,David Wolery,45,Male,DWolery@staropramen.cz
65,Douglas Harrison,52,Female,DHarrison@gambrinus.net
66,Aaron Mercedes,56,Male,AMercedes@gambrinus.net
67,Majorie Yoxall,27,Male,MYoxall@kozel.com
68,Remedios Wu,61,Female,RWu@kozel.com
69,Alfred Upchurch,55,Male,AUpchurch@kozel.com
70,Mi Taylor,23,Male,MTaylor@gambrinus.net
71,Craig Cox,20,Female,CCox@pilsner.org
72,Cindy Dotson,22,Male,CDotson@pilsner.org
73,Nathan Hanson,23,Female,NHanson@pilsner.org
74,Angela Price,56,Female,APrice@pilsner.org
75,Scott Marquez,46,Male,SMarquez@pilsner.org
76,Jimmie Anderson,69,Male,JAnderson@gambrinus.net
77,Sharon Mitchell,38,Female,SMitchell@pilsner.org
78,James Peake,41,Male,JPeake@staropramen.cz
79,George Elliott,17,Female,GElliott@gambrinus.net
80,Bill Crawford,68,Female,BCrawford@gambrinus.net
81,Karen Lee,16,Female,KLee@pilsner.org
82,Raymond Medina,57,Female,RMedina@staropramen.cz
83,Jeffrey Edwards,37,Female,JEdwards@gambrinus.net
84,Lori Cavanaugh,60,Female,LCavanaugh@gambrinus.net
85,Tabatha Hallinan,16,Male,THallinan@gambrinus.net
86,Albert Bruce,54,Female,ABruce@pilsner.org
87,Linda Mewborn,43,Female,LMewborn@kozel.com
88,Elisabeth Williams,25,Female,EWilliams@staropramen.cz
89,Larry Cummings,41,Female,LCummings@gambrinus.net
90,Corey Quinones,43,Female,CQuinones@staropramen.cz
91,Ruben Petersen,53,Female,RPetersen@gambrinus.net
92,Shirley Buckley,51,Female,SBuckley@kozel.com
93,William Johnson,40,Male,WJohnson@pilsner.org
94,John Poquette,32,Male,JPoquette@gambrinus.net
95,Catherine Leonard,22,Male,CLeonard@gambrinus.net
96,Theodore Walker,60,Female,TWalker@kozel.com
97,Minerva Patel,63,Male,MPatel@gambrinus.net
98,Tim Krull,21,Male,TKrull@staropramen.cz
99,David Dale,46,Female,DDale@pilsner.org
100,Marcus Thurman,41,Female,MThurman@staropramen.cz
